,LightGBM,CatBoost,XGBoost
Safety,1.9999999999999998,0.9241379310344828,0.2
Performance,0.15,1.5,1.3395724748065054
Efficiency,0.225,2.2413342753330645,2.25
Manufacturability,2.474097287936639,0.25,2.5
Compatibility,1.75,1.4708210286769225,0.175
