,LightGBM,CatBoost,XGBoost
Safety,1.4999999999999998,0.693103448275862,0.15
Performance,0.175,1.75,1.562834553940923
Efficiency,0.225,2.2413342753330645,2.25
Manufacturability,2.474097287936639,0.25,2.5
Compatibility,2.0,1.6809383184879119,0.2
