,LightGBM,CatBoost,XGBoost
Safety,2.4999999999999996,1.1551724137931034,0.25
Performance,0.2,2.0,1.7860966330753407
Efficiency,0.175,1.7432599919257166,1.75
Manufacturability,2.226687559142975,0.225,2.25
Compatibility,1.5,1.2607037388659337,0.15
