,LightGBM,CatBoost,XGBoost
Safety,1.9999999999999998,0.9241379310344828,0.2
Performance,0.225,2.25,2.0093587122097585
Efficiency,0.25,2.490371417036738,2.5
Manufacturability,1.4844583727619833,0.15,1.5
Compatibility,1.75,1.4708210286769225,0.175
