,LightGBM,CatBoost,XGBoost
Safety,2.4999999999999996,1.1551724137931034,0.25
Performance,0.175,1.75,1.562834553940923
Efficiency,0.2,1.9922971336293906,2.0
Manufacturability,2.226687559142975,0.225,2.25
Compatibility,1.5,1.2607037388659337,0.15
