,LightGBM,CatBoost,XGBoost
Safety,2.4999999999999996,1.1551724137931034,0.25
Performance,0.175,1.75,1.562834553940923
Efficiency,0.2,1.9922971336293906,2.0
Manufacturability,1.4844583727619833,0.15,1.5
Compatibility,2.25,1.8910556082989007,0.225
