,LightGBM,CatBoost,XGBoost
Safety,2.2499999999999996,1.039655172413793,0.225
Performance,0.2,2.0,1.7860966330753407
Efficiency,0.25,2.490371417036738,2.5
Manufacturability,1.7318681015556472,0.175,1.75
Compatibility,1.5,1.2607037388659337,0.15
