,LightGBM,CatBoost,XGBoost
Safety,2.2499999999999996,1.039655172413793,0.225
Performance,0.15,1.5,1.3395724748065054
Efficiency,0.25,2.490371417036738,2.5
Manufacturability,1.9792778303493113,0.2,2.0
Compatibility,1.75,1.4708210286769225,0.175
