,LightGBM,CatBoost,XGBoost
Safety,2.2499999999999996,1.039655172413793,0.225
Performance,0.175,1.75,1.562834553940923
Efficiency,0.25,2.490371417036738,2.5
Manufacturability,1.4844583727619833,0.15,1.5
Compatibility,2.0,1.6809383184879119,0.2
